{
    "accessapproval": "1.7.12",
    "accesscontextmanager": "1.8.12",
    "advisorynotifications": "1.4.6",
    "alloydb": "1.10.7",
    "analytics": "0.24.0",
    "apigateway": "1.6.12",
    "apigeeconnect": "1.6.12",
    "apigeeregistry": "0.8.10",
    "apikeys": "1.1.12",
    "appengine": "1.8.12",
    "apphub": "0.1.6",
    "apps": "0.4.7",
    "area120": "0.8.12",
    "artifactregistry": "1.14.14",
    "asset": "1.19.6",
    "assuredworkloads": "1.11.12",
    "automl": "1.13.12",
    "backupdr": "1.0.4",
    "baremetalsolution": "1.2.11",
    "batch": "1.9.3",
    "beyondcorp": "1.0.11",
    "billing": "1.18.10",
    "binaryauthorization": "1.8.8",
    "certificatemanager": "1.8.6",
    "channel": "1.17.12",
    "chat": "0.3.1",
    "cloudbuild": "1.16.6",
    "cloudcontrolspartner": "1.0.4",
    "clouddms": "1.7.11",
    "cloudprofiler": "0.3.6",
    "cloudquotas": "1.0.4",
    "cloudtasks": "1.12.13",
    "commerce": "1.0.5",
    "compute": "1.27.5",
    "compute/metadata": "0.5.0",
    "confidentialcomputing": "1.6.1",
    "config": "1.0.5",
    "contactcenterinsights": "1.13.7",
    "container": "1.38.1",
    "containeranalysis": "0.12.2",
    "datacatalog": "1.21.1",
    "dataflow": "0.9.12",
    "dataform": "0.9.9",
    "datafusion": "1.7.12",
    "datalabeling": "0.8.12",
    "dataplex": "1.18.3",
    "dataproc": "2.5.4",
    "dataqna": "0.8.12",
    "datastream": "1.10.11",
    "deploy": "1.21.1",
    "developerconnect": "0.1.4",
    "dialogflow": "1.56.0",
    "discoveryengine": "1.12.0",
    "dlp": "1.17.0",
    "documentai": "1.32.0",
    "domains": "0.9.12",
    "edgecontainer": "1.2.6",
    "edgenetwork": "1.1.3",
    "essentialcontacts": "1.6.13",
    "eventarc": "1.13.11",
    "filestore": "1.8.8",
    "functions": "1.17.0",
    "gkebackup": "1.5.5",
    "gkeconnect": "0.8.12",
    "gkehub": "0.14.12",
    "gkemulticloud": "1.2.5",
    "grafeas": "0.3.10",
    "gsuiteaddons": "1.6.12",
    "iam": "1.1.13",
    "iap": "1.9.11",
    "identitytoolkit": "0.1.4",
    "ids": "1.4.12",
    "iot": "1.7.12",
    "kms": "1.18.5",
    "language": "1.13.1",
    "lifesciences": "0.9.12",
    "longrunning": "0.5.12",
    "managedidentities": "1.6.12",
    "managedkafka": "0.1.6",
    "maps": "1.11.7",
    "mediatranslation": "0.8.12",
    "memcache": "1.10.12",
    "metastore": "1.13.11",
    "migrationcenter": "1.0.5",
    "monitoring": "1.20.4",
    "netapp": "1.2.1",
    "networkconnectivity": "1.14.11",
    "networkmanagement": "1.13.7",
    "networksecurity": "0.9.12",
    "networkservices": "0.1.6",
    "notebooks": "1.11.10",
    "optimization": "1.6.10",
    "orchestration": "1.9.7",
    "orgpolicy": "1.12.8",
    "osconfig": "1.13.3",
    "oslogin": "1.13.8",
    "parallelstore": "0.5.1",
    "phishingprotection": "0.8.12",
    "policysimulator": "0.2.10",
    "policytroubleshooter": "1.10.10",
    "privatecatalog": "0.9.12",
    "privilegedaccessmanager": "0.1.1",
    "rapidmigrationassessment": "1.0.12",
    "recaptchaenterprise": "2.14.3",
    "recommendationengine": "0.8.12",
    "recommender": "1.12.8",
    "redis": "1.16.5",
    "resourcemanager": "1.9.12",
    "resourcesettings": "1.7.5",
    "retail": "1.17.5",
    "run": "1.4.1",
    "scheduler": "1.10.13",
    "secretmanager": "1.13.6",
    "securesourcemanager": "1.1.1",
    "security": "1.17.5",
    "securitycenter": "1.34.0",
    "securitycentermanagement": "1.0.4",
    "securityposture": "0.1.8",
    "servicecontrol": "1.13.7",
    "servicedirectory": "1.11.12",
    "servicehealth": "1.0.5",
    "servicemanagement": "1.9.13",
    "serviceusage": "1.8.11",
    "shell": "1.7.12",
    "shopping": "0.8.7",
    "speech": "1.24.1",
    "storageinsights": "1.0.12",
    "storagetransfer": "1.10.11",
    "streetview": "0.1.5",
    "support": "1.0.11",
    "talent": "1.6.13",
    "telcoautomation": "1.0.4",
    "texttospeech": "1.7.12",
    "tpu": "1.6.12",
    "trace": "1.10.12",
    "translate": "1.11.0",
    "video": "1.22.1",
    "videointelligence": "1.11.12",
    "vision": "2.8.7",
    "visionai": "0.2.5",
    "vmmigration": "1.7.12",
    "vmwareengine": "1.2.1",
    "vpcaccess": "1.7.12",
    "webrisk": "1.9.12",
    "websecurityscanner": "1.6.12",
    "workflows": "1.12.11",
    "workstations": "1.0.5"
}
